{
    "sellappchannel": "put your sell.app channel ID here",
    "sellixchannel":  "Put sellix channel ID here",  
    "owner": "784016275860357142",
    "capmonsterKey": "",
    "botToken": "",
    "guildId": "",
    "botStatus": "Waiting to boost",
    "StoreName": "BeastHub",
    "btc": "<:4586bitcoinlogo:1019287503326433321> ***3PVMp9FDAnp4yjNN3BF54MXuThHcCZCjYa***",
    "ltc": "<:4887ltc:1019287504647635064> ***MPzGEnCY3chGmFfS1MzdX8BPX35erVnFHa***",
    "paypal": "<:1716_PAYPAL:1019287508028244038> ***Joshjobsdolan@icloud.com***",
    "eth": "<:5819eth:1019287506392457298>  ***0xec3b15703ABe47a24Fd8940784114e2317FA5cF9***",
    "XRP": "<:8927xrp:1019287500621086740>*** Address: rKV8HEL3vLc6q9waTiJcewdRdSFyx67QFb Tag:1759650870*** ",
    "cashapp": "<:7762cashapplogo:1019287501954883678> ***\u00a3BeastGen***",
    "paypalLink": "Joshjobsdolan@icloud.com",
    "cashappId": " - Make Sure To Add Splitting Bill In Notes!",
    "botAdminId": [
        "784016275860357142",
        "784016275860357142",
        "784016275860357142",
        "784016275860357142",
        "1001983894377201714",
        "1001983894377201714"
    ],
    "botWhitelistedId": [
        "",
        "784016275860357142",
        "1001983894377201714",
        "",
        "",
        "",
        ""
    ]
}